insert into companys (company_id, name, explanation, website_url, logo_url, created_at, updated_at)
values(1, 'Naver', '포털 회사입니다.', 'www.naver.com', 'https://i.pinimg.com/originals/fb/71/04/fb71048e03a5ada757f70d61b583d0bf.png', now(), now());
insert into companys (company_id, name, explanation, website_url, logo_url, created_at, updated_at)
values(2, '카카오', '포털 회사입니다.', 'www.kakaocorp.com', 'https://d2u3dcdbebyaiu.cloudfront.net/img/companyPage_kr/logo_136.jpg', now(), now());
insert into companys (company_id, name, explanation, website_url, logo_url, created_at, updated_at)
values(3, '비바리퍼블리카', '금융 앱 토스를 운영하고 있습니다.', 'https://team.toss.im', 'https://d2u3dcdbebyaiu.cloudfront.net/img/companyPage_kr/logo_51818.jpg', now(), now());
insert into companys (company_id, name, explanation, website_url, logo_url, created_at, updated_at)
values(4, '크래프톤', '다양한 장르의 게임을 개발합니다.', 'www.krafton.com', 'https://teamblindstatics.s3.ap-northeast-1.amazonaws.com/img/companyPage/logo_c1c967a3848692.jpeg', now(), now());
insert into companys (company_id, name, explanation, website_url, logo_url, created_at, updated_at)
values(5, '우아한형제들', '배달 앱 배달의민족을 운영하고 있습니다.', 'https://www.woowahan.com', 'https://d2u3dcdbebyaiu.cloudfront.net/img/companyPage_kr/logo_21506.jpg', now(), now());
insert into companys (company_id, name, explanation, website_url, logo_url, created_at, updated_at)
values(6, '쿠팡', '쇼핑의 모든 단계를 운영하는 이커머스입니다.', 'https://rocketyourcareer.kr.coupang.com', 'https://d2u3dcdbebyaiu.cloudfront.net/img/companyPage_kr/logo_4.jpg', now(), now());
insert into companys (company_id, name, explanation, website_url, logo_url, created_at, updated_at)
values(67, 'Uni-Dthon', '해커톤을 열심히 합시다.', 'https://www.unidthon.com', 'https://static.wixstatic.com/media/b06c03_d924b29eee4b4fa1a71b74e2ed9b1418~mv2.png/v1/fill/w_204,h_272,al_c,q_85,usm_0.66_1.00_0.01/unid_logo_tran.webp', now(), now());

insert into videos (company_id, thumbnails_image, video_url, created_at, updated_at)
values(1, 'https://i.ytimg.com/vi/I92EXIR8H6M/hqdefault.jpg?sqp=-oaymwEcCNACELwBSFXyq4qpAw4IARUAAIhCGAFwAcABBg==&rs=AOn4CLBj5s8si6wYUFHNv0TE0u7lU5w67w', 'https://www.youtube.com/watch?v=I92EXIR8H6M', now(), now());
insert into videos (company_id, thumbnails_image, video_url, created_at, updated_at)
values(1, 'https://i.ytimg.com/vi/swBCnBnkMA8/hqdefault.jpg?sqp=-oaymwEcCNACELwBSFXyq4qpAw4IARUAAIhCGAFwAcABBg==&rs=AOn4CLC4OwGYvgYLrmWYtfcFkGEulmiGIw', 'https://www.youtube.com/watch?v=swBCnBnkMA8', now(), now());
insert into videos (company_id, thumbnails_image, video_url, created_at, updated_at)
values(2, 'https://i.ytimg.com/vi/v_qZDJEAMB8/hqdefault.jpg?sqp=-oaymwEjCNACELwBSFryq4qpAxUIARUAAAAAGAElAADIQj0AgKJDeAE=&rs=AOn4CLABzCTWP-WlcKVSZtrZH0QszdSNJQ', 'https://www.youtube.com/watch?v=v_qZDJEAMB8', now(), now());
insert into videos (company_id, thumbnails_image, video_url, created_at, updated_at)
values(2, 'https://i.ytimg.com/vi/XdE3ax8ZZuQ/hqdefault.jpg?sqp=-oaymwEjCNACELwBSFryq4qpAxUIARUAAAAAGAElAADIQj0AgKJDeAE=&rs=AOn4CLBBc498nxo2C2gSVvZWBT_xW0abFQ', 'https://www.youtube.com/watch?v=XdE3ax8ZZuQ', now(), now());
insert into videos (company_id, thumbnails_image, video_url, created_at, updated_at)
values(3, 'https://i.ytimg.com/vi/DRv8B8S_bzc/hqdefault.jpg?sqp=-oaymwEjCNACELwBSFryq4qpAxUIARUAAAAAGAElAADIQj0AgKJDeAE=&rs=AOn4CLBUefaLylXdLFQtNLbqF2ld4_HyPQ', 'https://www.youtube.com/watch?v=DRv8B8S_bzc', now(), now());
insert into videos (company_id, thumbnails_image, video_url, created_at, updated_at)
values(3, 'https://i.ytimg.com/vi/N01eljB646E/hqdefault.jpg?sqp=-oaymwEjCNACELwBSFryq4qpAxUIARUAAAAAGAElAADIQj0AgKJDeAE=&rs=AOn4CLDtgcJv3y3JtHceuBSbxed631YDRg', 'https://www.youtube.com/watch?v=N01eljB646E', now(), now());
insert into videos (company_id, thumbnails_image, video_url, created_at, updated_at)
values(4, 'https://i.ytimg.com/vi/pOp8l6HJsxo/hq720.jpg?sqp=-oaymwEXCNAFEJQDSFryq4qpAwkIARUAAIhCGAE=&rs=AOn4CLCze3GnsR_xdrFvimT1hlcQV6rbbA', 'https://www.youtube.com/watch?v=pOp8l6HJsxo', now(), now());
insert into videos (company_id, thumbnails_image, video_url, created_at, updated_at)
values(4, 'https://i.ytimg.com/vi/vRj7c7CBl5I/hq720.jpg?sqp=-oaymwEXCNAFEJQDSFryq4qpAwkIARUAAIhCGAE=&rs=AOn4CLAFK-eyiaXzeFgRs3KU-mR5mE7sKg', 'https://www.youtube.com/watch?v=vRj7c7CBl5I', now(), now());
insert into videos (company_id, thumbnails_image, video_url, created_at, updated_at)
values(5, 'https://i.ytimg.com/vi/QMlKjo8oE7Q/hqdefault.jpg?sqp=-oaymwEjCNACELwBSFryq4qpAxUIARUAAAAAGAElAADIQj0AgKJDeAE=&rs=AOn4CLA61oEY71c5gubDmtAJ9bdmDmKQ9A', 'https://www.youtube.com/watch?v=QMlKjo8oE7Q', now(), now());
insert into videos (company_id, thumbnails_image, video_url, created_at, updated_at)
values(5, 'https://i.ytimg.com/vi/BV0Hcb5RxPw/hqdefault.jpg?sqp=-oaymwEjCNACELwBSFryq4qpAxUIARUAAAAAGAElAADIQj0AgKJDeAE=&rs=AOn4CLCCUIlqe8QHrnG_dgaB_Q_-GbeFQQ', 'https://www.youtube.com/watch?v=BV0Hcb5RxPw', now(), now());
insert into videos (company_id, thumbnails_image, video_url, created_at, updated_at)
values(6, 'https://i.ytimg.com/vi/IPuP7c47PSg/hqdefault.jpg?sqp=-oaymwEjCNACELwBSFryq4qpAxUIARUAAAAAGAElAADIQj0AgKJDeAE=&rs=AOn4CLAPNkBENBmnvQNK5eFaPqHUGfhzpg', 'https://www.youtube.com/watch?v=IPuP7c47PSg', now(), now());
insert into videos (company_id, thumbnails_image, video_url, created_at, updated_at)
values(6, 'https://i.ytimg.com/vi/niu0VQcRHkk/hqdefault.jpg?sqp=-oaymwEjCNACELwBSFryq4qpAxUIARUAAAAAGAElAADIQj0AgKJDeAE=&rs=AOn4CLAweC6K9AwHX86NHHZlsfPPQ_MISQ', 'https://www.youtube.com/watch?v=niu0VQcRHkk', now(), now());


insert into visits (visit_id, start_at, detail, capacity, company_id, created_at, updated_at)
values(1, '2021-11-04 14:00:00', '사내 투어 및 회의 참여', 30, 1, now(), now());
insert into visits (visit_id, start_at, detail, capacity, company_id, created_at, updated_at)
values(2, '2021-11-02 14:00:00', '현직자와 프로젝트 수행 및 발표', 15, 2, now(), now());
insert into visits (visit_id, start_at, detail, capacity, company_id, created_at, updated_at)
values(3, '2021-11-24 14:00:00', '채용 연계 토스 해커톤', 200, 3, now(), now());
insert into visits (visit_id, start_at, detail, capacity, company_id, created_at, updated_at)
values(4, '2021-11-15 14:00:00', '사내 투어 및 회의 참여', 30, 4, now(), now());
insert into visits (visit_id, start_at, detail, capacity, company_id, created_at, updated_at)
values(5, '2021-11-22 14:00:00', '우아한 테크 코스', 50, 5, now(), now());
insert into visits (visit_id, start_at, detail, capacity, company_id, created_at, updated_at)
values(6, '2021-11-28 14:00:00', '현직자와 프로젝트 수행 및 발표', 15, 6, now(), now());

insert into users (user_id, name, created_at, updated_at)
values(1, '홍길동', now(), now());

insert into reservations (user_id, visit_id, status, created_at, updated_at)
values(1, 1, 'done', '2021-10-28 12:00:00', '2021-10-28 12:00:00');
insert into reservations (user_id, visit_id, status, created_at, updated_at)
values(1, 2, 'done', '2021-10-22 12:00:00', '2021-10-28 12:00:00');
insert into reservations (user_id, visit_id, status, created_at, updated_at)
values(1, 3, 'reserved', '2021-11-03 12:00:00', '2021-10-28 12:00:00');
insert into reservations (user_id, visit_id, status, created_at, updated_at)
values(1, 4, 'cancelled', '2021-10-28 12:00:00', '2021-10-28 12:00:00');
